{
    "rmse": 0.6632645558678598,
    "mae": 0.5222304668325789,
    "r2": 0.2558786843220361
}