{
    "rmse": 0.7002597212393108,
    "mae": 0.5465431015466311,
    "r2": 0.2596538018360448
}